{"cameraMode":{"drawMode":0,"name":"Shaded","section":"Shading Mode"},"sceneLighting":false,"audioPlay":false,"sceneViewState":{"m_AlwaysRefresh":false,"showFog":true,"showSkybox":false,"showFlares":true,"showImageEffects":true,"showParticleSystems":true,"showVisualEffectGraphs":true,"m_FxEnabled":true},"in2DMode":false,"pivot":{"x":-2.7480554580688478,"y":0.8827483654022217,"z":-4.652398586273193},"rotation":{"x":0.27010437846183779,"y":-0.5226558446884155,"z":0.17902149260044099,"w":0.7885664105415344},"size":1.2241536378860474,"orthographic":true}