{"cameraMode":{"drawMode":0,"name":"Shaded","section":"Shading Mode"},"sceneLighting":false,"audioPlay":false,"sceneViewState":{"m_AlwaysRefresh":false,"showFog":true,"showSkybox":false,"showFlares":true,"showImageEffects":true,"showParticleSystems":true,"showVisualEffectGraphs":true,"m_FxEnabled":true},"in2DMode":false,"pivot":{"x":0.12732791900634767,"y":1.0349998474121094,"z":-1.1090641021728516},"rotation":{"x":-0.06177031993865967,"y":-0.4430697560310364,"z":0.030626563355326654,"w":-0.8938443064689636},"size":0.05870917811989784,"orthographic":true}