{"cameraMode":{"drawMode":0,"name":"Shaded","section":"Shading Mode"},"sceneLighting":false,"audioPlay":false,"sceneViewState":{"m_AlwaysRefresh":false,"showFog":true,"showSkybox":false,"showFlares":true,"showImageEffects":true,"showParticleSystems":true,"showVisualEffectGraphs":true,"m_FxEnabled":true},"in2DMode":false,"pivot":{"x":0.7768230438232422,"y":8.978407859802246,"z":4.438158988952637},"rotation":{"x":0.016285648569464685,"y":-0.9162129759788513,"z":-0.03772859275341034,"w":-0.39872246980667117},"size":9.237424850463868,"orthographic":true}