{"cameraMode":{"drawMode":0,"name":"Shaded","section":"Shading Mode"},"sceneLighting":true,"audioPlay":false,"sceneViewState":{"m_AlwaysRefresh":false,"showFog":true,"showSkybox":true,"showFlares":true,"showImageEffects":true,"showParticleSystems":true,"showVisualEffectGraphs":true,"m_FxEnabled":true},"in2DMode":false,"pivot":{"x":-13.419086456298829,"y":19.322114944458009,"z":17.787673950195314},"rotation":{"x":-0.1686931997537613,"y":-0.7365379333496094,"z":0.19908922910690309,"w":-0.6240572333335877},"size":14.747440338134766,"orthographic":true}