{"cameraMode":{"drawMode":0,"name":"Shaded","section":"Shading Mode"},"sceneLighting":false,"audioPlay":false,"sceneViewState":{"m_AlwaysRefresh":false,"showFog":true,"showSkybox":false,"showFlares":true,"showImageEffects":true,"showParticleSystems":true,"showVisualEffectGraphs":true,"m_FxEnabled":true},"in2DMode":false,"pivot":{"x":-4.002776145935059,"y":0.3364276885986328,"z":-6.813072204589844},"rotation":{"x":0.03649453818798065,"y":-0.9457558989524841,"z":0.30190911889076235,"w":0.11432330310344696},"size":0.4937542974948883,"orthographic":true}