{"cameraMode":{"drawMode":0,"name":"Shaded","section":"Shading Mode"},"sceneLighting":true,"audioPlay":false,"sceneViewState":{"m_AlwaysRefresh":false,"showFog":true,"showSkybox":true,"showFlares":true,"showImageEffects":true,"showParticleSystems":true,"showVisualEffectGraphs":true,"m_FxEnabled":true},"in2DMode":false,"pivot":{"x":0.6755168437957764,"y":1.120137333869934,"z":-1.1021593809127808},"rotation":{"x":0.08853645622730255,"y":-0.9099570512771606,"z":0.25772565603256228,"w":0.3125961422920227},"size":10.82791519165039,"orthographic":true}