{"cameraMode":{"drawMode":0,"name":"Shaded","section":"Shading Mode"},"sceneLighting":false,"audioPlay":false,"sceneViewState":{"m_AlwaysRefresh":false,"showFog":false,"showSkybox":false,"showFlares":false,"showImageEffects":false,"showParticleSystems":false,"showVisualEffectGraphs":true,"m_FxEnabled":true},"in2DMode":false,"pivot":{"x":0.005615584552288055,"y":0.07818181812763214,"z":0.0029167085886001589},"rotation":{"x":-0.11942256987094879,"y":-0.06903699040412903,"z":0.008323186077177525,"w":-0.9904094338417053},"size":0.11228889971971512,"orthographic":true}